,precision,recall,f1-score,support
AppGallery-Install/Upgrade,1.0,0.625,0.7692307692307693,8.0
AppGallery-Use,0.0,0.0,0.0,2.0
Coupon/Gifts/Points Issues,1.0,0.8,0.8888888888888888,5.0
General,0.0,0.0,0.0,1.0
Invoice,0.6666666666666666,1.0,0.8,2.0
Other,0.0,0.0,0.0,0.0
Others,0.0,0.0,0.0,0.0
Payment,0.8,0.8,0.8,15.0
Payment issue,0.6666666666666666,1.0,0.8,2.0
Refund,0.0,0.0,0.0,1.0
Third Party APPs,1.0,1.0,1.0,2.0
Unknown,0.6666666666666666,0.75,0.7058823529411765,8.0
VIP / Offers / Promotions,0.8,0.8,0.8,5.0
accuracy,0.7254901960784313,0.7254901960784313,0.7254901960784313,0.7254901960784313
macro avg,0.5076923076923078,0.5211538461538461,0.5049232316200641,51.0
weighted avg,0.7647058823529411,0.7254901960784313,0.7342225376827454,51.0
