ticket_id,message_excerpt,true_y2/y3/y4,pred_y2/y3/y4,wrong_levels
23748,appgallery problems and suggestions description contact information a,Suggestion | AppGallery-Use | Others,Suggestion | General | Others,y3
22701,aspiegel support issue submit i would like to follow up on the case you raised on this email is regarding your concern a,Problem/Fault | Coupon/Gifts/Points Issues | Cooperated campaign issue,Problem/Fault | VIP / Offers / Promotions | Cooperated campaign issue,y3
23028,vip privilege i ask you to clarify your request so that we can give you the best possible solution i am able to understa,Suggestion | Payment | Query deduction details,Suggestion | Other | Unknown,"y3,y4"
22991,unknown payment could you please tell me what this payment is for,Suggestion | Payment | Query deduction details,Suggestion | Payment | Subscription cancellation,y4
22853,error al obtener regalos estimado cliente me gustar a hacer un seguimiento del caso que plante en si no tenemos noticias,Problem/Fault | Coupon/Gifts/Points Issues | Can't use or acquire,Problem/Fault | Coupon/Gifts/Points Issues | Cooperated campaign issue,y4
22311,appgallery problems and suggestions please follow the steps below if the system keeps displaying a message indicating th,Problem/Fault | AppGallery-Install/Upgrade | Can't install Apps,Problem/Fault | Unknown | Unknown,"y3,y4"
23193,appgallery problemer og forslag beskrivelse installation fejl kontaktoplysninger,Problem/Fault | AppGallery-Install/Upgrade | Other download/install/update issue,Suggestion | General | Personal data,"y2,y3,y4"
24496,undelivered mail returned to sender this is the mail system at host frasgout his company com i m sorry to have to inform,Others | Unknown | Unknown,Suggestion | Payment | Unknown,"y2,y3"
23040,company support issue submit product cloud requests upgrade cloud storage contact full name pavol hete phone numbe conta,Suggestion | Payment | Subscription cancellation,Suggestion | Invoice | Invoice related request,"y3,y4"
22923,company support issue submit gentile grazie per aver contattato vorremmo informarla che gli addebiti non sono collegati ,Suggestion | Payment | Subscription cancellation,Problem/Fault | Payment issue | Risk Control,"y2,y3,y4"
23012,informations we hope you re doing well in order to give you the best solution could you please clarify your request with,Others | Unknown | Unknown,Problem/Fault | Others | Unknown,"y2,y3"
22962,vip special ch how do i become a vip if i do saw if it s right you have to spend chf every month and i spend over chf i ,Problem/Fault | VIP / Offers / Promotions | Offers / Vouchers / Promotions,Suggestion | Payment | Subscription cancellation,"y2,y3,y4"
23683,aspiegel support issue submit so the campaign name was xmas download and win play pt as you will see in the screenshot i,Suggestion | VIP / Offers / Promotions | Offers / Vouchers / Promotions,Problem/Fault | VIP / Offers / Promotions | Offers / Vouchers / Promotions,y2
24310,huawei music problems and suggestions m huawei,Others | Unknown | Unknown,Problem/Fault | Unknown | Unknown,y2
23049,appgallery probl my a odpor ania description failed to install update mi vydeoplayer contact information opis zlyhava in,Problem/Fault | AppGallery-Install/Upgrade | Can't update Apps,Suggestion | General | Unknown,"y2,y3,y4"
